{
    "MAE": 0.474242185380442,
    "MSE": 0.37197208320735975,
    "R2 score": 0.3491105248041674
}