{
    "MAE": 0.42608615384615384,
    "MSE": 0.35210110769230774,
    "R2 score": 0.534682830648164
}